{"build_url": "https://buildkite.com/plaidml/nightly/builds/584#8b2fbf3b-4bce-4558-aaa0-13bf8e9f7d5a", "compare": true, "efficiency": 0.1040542010760513, "errors": ["Missing reference duration"], "failures": ["Correctness failure: 0.35871070623397827, max_abs_error: 0.031141892075538635, fail rate: 0.875"], "ratio": null, "reason": "ERROR: Missing reference duration\nFAIL: Correctness failure: 0.35871070623397827, max_abs_error: 0.031141892075538635, fail rate: 0.875", "status": "ERROR", "compile_duration": 8.57997727394104, "cur.execution_duration": 1.480535103008151, "ref.execution_duration": null}