{"build_url": "https://buildkite.com/plaidml/nightly/builds/584#40e74c93-f3e7-4e0d-b24a-999517c33d7d", "compare": true, "efficiency": 1.2749657569268429, "errors": ["Missing reference duration"], "failures": ["Correctness failure: 7.535390853881836, max_abs_error: 0.24863176047801971, fail rate: 0.993"], "ratio": null, "reason": "ERROR: Missing reference duration\nFAIL: Correctness failure: 7.535390853881836, max_abs_error: 0.24863176047801971, fail rate: 0.993", "status": "ERROR", "compile_duration": 15.604531288146973, "cur.execution_duration": 0.21969016292132437, "ref.execution_duration": null}